"cell_name","cell_type","cell_type_name","srx_ids","srr_ids","usage_type"
"T48_CT_G10",1,"proliferating_cell","SRX379873","SRR1033183","single"
"T72_CT_H09",1,"proliferating_cell","SRX379968","SRR1033278","single"
"T24_CT_A05",1,"proliferating_cell","SRX379700","SRR1033010","single"
"T24_CT_B11",1,"proliferating_cell","SRX379718","SRR1033028","bulk"
"T24_CT_H01",1,"proliferating_cell","SRX379780","SRR1033090","bulk"
"T72_CT_C11",1,"proliferating_cell","SRX379918","SRR1033228","single"
"T72_CT_H08",1,"proliferating_cell","SRX379967","SRR1033277","bulk"
"T48_CT_E12",1,"proliferating_cell","SRX379851","SRR1033161","single"
"T48_CT_A07",1,"proliferating_cell","SRX379798","SRR1033108","bulk"
"T0_CT_A05",1,"proliferating_cell","SRX379604","SRR1032914","bulk"
"T0_CT_F04",1,"proliferating_cell","SRX379663","SRR1032973","bulk"
"T0_CT_B09",1,"proliferating_cell","SRX379620","SRR1032930","single"
"T0_CT_D12",1,"proliferating_cell","SRX379647","SRR1032957","bulk"
"T0_CT_A03",1,"proliferating_cell","SRX379602","SRR1032912","single"
"T0_CT_C08",1,"proliferating_cell","SRX379631","SRR1032941","single"
"T72_CT_H05",1,"proliferating_cell","SRX379965","SRR1033275","single"
"T0_CT_F01",1,"proliferating_cell","SRX379660","SRR1032970","bulk"
"T0_CT_F02",1,"proliferating_cell","SRX379661","SRR1032971","single"
"T0_CT_F03",1,"proliferating_cell","SRX379662","SRR1032972","single"
"T0_CT_A07",1,"proliferating_cell","SRX379606","SRR1032916","bulk"
"T0_CT_F12",1,"proliferating_cell","SRX379671","SRR1032981","single"
"T0_CT_A10",1,"proliferating_cell","SRX379609","SRR1032919","bulk"
"T0_CT_C12",1,"proliferating_cell","SRX379635","SRR1032945","single"
"T0_CT_E11",1,"proliferating_cell","SRX379658","SRR1032968","bulk"
"T0_CT_E08",1,"proliferating_cell","SRX379655","SRR1032965","bulk"
"T0_CT_C02",1,"proliferating_cell","SRX379625","SRR1032935","bulk"
"T0_CT_B08",1,"proliferating_cell","SRX379619","SRR1032929","bulk"
"T0_CT_G07",1,"proliferating_cell","SRX379678","SRR1032988","bulk"
"T0_CT_D03",1,"proliferating_cell","SRX379638","SRR1032948","single"
"T0_CT_D08",1,"proliferating_cell","SRX379643","SRR1032953","single"
"T0_CT_G01",1,"proliferating_cell","SRX379672","SRR1032982","single"
"T0_CT_E01",1,"proliferating_cell","SRX379648","SRR1032958","bulk"
"T0_CT_B03",1,"proliferating_cell","SRX379614","SRR1032924","single"
"T0_CT_E07",1,"proliferating_cell","SRX379654","SRR1032964","single"
"T0_CT_D06",1,"proliferating_cell","SRX379641","SRR1032951","bulk"
"T0_CT_G04",1,"proliferating_cell","SRX379675","SRR1032985","single"
"T0_CT_F06",1,"proliferating_cell","SRX379665","SRR1032975","bulk"
"T0_CT_G08",1,"proliferating_cell","SRX379679","SRR1032989","single"
"T0_CT_E09",1,"proliferating_cell","SRX379656","SRR1032966","bulk"
"T0_CT_E06",1,"proliferating_cell","SRX379653","SRR1032963","bulk"
"T24_CT_D04",2,"differentiating_myoblast","SRX379735","SRR1033045","single"
"T48_CT_C02",2,"differentiating_myoblast","SRX379817","SRR1033127","bulk"
"T48_CT_D03",2,"differentiating_myoblast","SRX379830","SRR1033140","bulk"
"T72_CT_D07",2,"differentiating_myoblast","SRX379926","SRR1033236","bulk"
"T24_CT_E09",2,"differentiating_myoblast","SRX379752","SRR1033062","single"
"T0_CT_A08",2,"differentiating_myoblast","SRX379607","SRR1032917","bulk"
"T72_CT_G04",2,"differentiating_myoblast","SRX379952","SRR1033262","single"
"T24_CT_C10",2,"differentiating_myoblast","SRX379729","SRR1033039","bulk"
"T72_CT_D03",2,"differentiating_myoblast","SRX379922","SRR1033232","bulk"
"T24_CT_G06",2,"differentiating_myoblast","SRX379773","SRR1033083","single"
"T72_CT_F07",2,"differentiating_myoblast","SRX379945","SRR1033255","bulk"
"T24_CT_E02",2,"differentiating_myoblast","SRX379745","SRR1033055","single"
"T24_CT_F08",2,"differentiating_myoblast","SRX379763","SRR1033073","bulk"
"T24_CT_A08",2,"differentiating_myoblast","SRX379703","SRR1033013","bulk"
"T24_CT_G03",2,"differentiating_myoblast","SRX379770","SRR1033080","bulk"
"T48_CT_E11",2,"differentiating_myoblast","SRX379850","SRR1033160","bulk"
"T72_CT_D05",2,"differentiating_myoblast","SRX379924","SRR1033234","bulk"
"T48_CT_C10",2,"differentiating_myoblast","SRX379825","SRR1033135","bulk"
"T48_CT_B08",2,"differentiating_myoblast","SRX379811","SRR1033121","single"
"T24_CT_C01",2,"differentiating_myoblast","SRX379720","SRR1033030","single"
"T72_CT_D11",2,"differentiating_myoblast","SRX379930","SRR1033240","bulk"
"T72_CT_B02",2,"differentiating_myoblast","SRX379898","SRR1033208","single"
"T24_CT_B09",2,"differentiating_myoblast","SRX379716","SRR1033026","single"
"T48_CT_A06",2,"differentiating_myoblast","SRX379797","SRR1033107","single"
"T48_CT_B03",2,"differentiating_myoblast","SRX379806","SRR1033116","single"
"T72_CT_G03",2,"differentiating_myoblast","SRX379951","SRR1033261","bulk"
"T48_CT_A03",2,"differentiating_myoblast","SRX379794","SRR1033104","single"
"T24_CT_G11",2,"differentiating_myoblast","SRX379778","SRR1033088","single"
"T72_CT_B09",2,"differentiating_myoblast","SRX379905","SRR1033215","single"
"T48_CT_E07",2,"differentiating_myoblast","SRX379846","SRR1033156","bulk"
"T24_CT_B07",2,"differentiating_myoblast","SRX379714","SRR1033024","single"
"T48_CT_C04",2,"differentiating_myoblast","SRX379819","SRR1033129","bulk"
"T24_CT_E05",2,"differentiating_myoblast","SRX379748","SRR1033058","single"
"T24_CT_G02",2,"differentiating_myoblast","SRX379769","SRR1033079","single"
"T48_CT_F11",2,"differentiating_myoblast","SRX379862","SRR1033172","bulk"
"T72_CT_B06",2,"differentiating_myoblast","SRX379902","SRR1033212","single"
"T48_CT_B04",2,"differentiating_myoblast","SRX379807","SRR1033117","single"
"T48_CT_D12",2,"differentiating_myoblast","SRX379839","SRR1033149","single"
"T72_CT_B04",2,"differentiating_myoblast","SRX379900","SRR1033210","bulk"
"T48_CT_E06",2,"differentiating_myoblast","SRX379845","SRR1033155","bulk"
